"country","year","sentiment_score","hate_speech_score"
"Armenia",2022,-0.461538461538462,0.153846153846154
"Armenia",2023,-0.326530612244898,0.163265306122449
"Austria",2015,-0.215663485710656,0.29327064444989
"Austria",2016,-0.230282073970131,0.268878602554793
"Austria",2017,-0.288198757763975,0.545238095238095
"Austria",2018,-0.189964929061055,0.514813486370158
"Austria",2019,-0.194805194805195,0.623376623376623
"Austria",2020,-0.222850678733032,0.509898190045249
"Austria",2021,-0.295303605313093,0.508301707779886
"Austria",2022,-0.208039469170301,0.303546438536296
"Austria",2023,-0.339006338254172,0.294821753316217
"Austria",2024,-0.334229390681004,0.508243727598566
"Azerbaijan",2020,-0.677823315118397,0.380464480874317
"Azerbaijan",2021,-0.514285714285714,0.0857142857142857
"Azerbaijan",2022,-0.702970297029703,0.108910891089109
"Azerbaijan",2023,-0.751269035532995,0.0862944162436548
"Azerbaijan",2024,-0.733333333333333,0.222222222222222
"Belgium",2012,0.186046511627907,0
"Belgium",2013,-0.0277777777777778,0
"Belgium",2015,-0.111610249245485,0.197195524611338
"Belgium",2016,-0.255787721711378,0.235113745499096
"Belgium",2017,-0.0866729516132931,0.160656017303195
"Belgium",2018,-0.101915077270931,0.166419716556494
"Belgium",2019,-0.192678078279525,0.175352008088269
"Belgium",2020,-0.100979723741315,0.210766319243082
"Belgium",2021,-0.0179095988421788,0.189488340166032
"Belgium",2022,0.10900140750159,0.111779593616616
"Belgium",2023,-0.131873921824393,0.192642608796018
"Belgium",2024,-0.100447695188412,0.290613739500817
"Bulgaria",2022,-0.0202903946388682,0.201973194341028
"Bulgaria",2023,0.304347826086957,0.304347826086956
"Bulgaria",2024,0.5,0.176470588235294
"Croatia",2015,-0.203577898550725,0.255434782608696
"Croatia",2016,0,0.09375
"Croatia",2022,0.318681318681319,0.0989010989010989
"Denmark",2015,-0.19198347107438,0.465537190082645
"Denmark",2016,-0.135389378423434,0.451013468815326
"Denmark",2017,-0.220588235294118,0.382352941176471
"Denmark",2018,-0.185470256898828,0.506226286583429
"Denmark",2019,-0.0247678018575852,0.363777089783282
"Denmark",2020,-0.278582202111614,0.445173453996983
"Denmark",2022,-0.161275285520712,0.35464164730933
"Denmark",2023,-0.186589904943604,0.576686242550913
"Denmark",2024,-0.351699242064691,0.441572823632624
"Finland",2015,-0.297849333076824,0.273072976785943
"Finland",2016,-0.44321663464909,0.34942672660497
"Finland",2017,-0.425378787878788,0.645538720538721
"Finland",2018,-0.472596153846154,0.501388888888889
"Finland",2019,-0.368145161290323,0.433064516129032
"Finland",2020,-0.388359569179785,0.565451532725766
"Finland",2021,-0.4,0.4
"Finland",2022,-0.215564409518214,0.319129761555033
"Finland",2023,-0.367598684210526,0.528516604010025
"Finland",2024,-0.345788229438845,0.431890008709718
"France",2014,-0.106194690265487,0.106194690265487
"France",2015,-0.140117683217266,0.256207860695129
"France",2016,-0.258758089339387,0.349778923543028
"France",2017,-0.123401724415712,0.31386920250491
"France",2018,-0.139708524088627,0.317282008500951
"France",2019,-0.219008584294962,0.373716460268318
"France",2020,-0.225509214488832,0.392790172275017
"France",2021,-0.258809708873344,0.312492593629082
"France",2022,-0.149955504159812,0.292500662726593
"France",2023,-0.304520168914492,0.345139690006973
"France",2024,-0.34497910949752,0.452195331448879
"Georgia",2022,-0.299462365591398,0.189605734767025
"Georgia",2023,-0.184659090909091,0.308712121212121
"Germany",2015,-0.162686445776021,0.223789099133513
"Germany",2016,-0.364354408086555,0.268004689924293
"Germany",2017,-0.248368237678337,0.343831647890923
"Germany",2018,-0.281119131941985,0.392482609190139
"Germany",2019,-0.321324042651248,0.345121690129043
"Germany",2020,-0.366624464489733,0.409010338269264
"Germany",2021,-0.359073227384469,0.36815006369886
"Germany",2022,-0.206186031855517,0.304679764942817
"Germany",2023,-0.375122016785885,0.503420698884414
"Germany",2024,-0.426767060915487,0.5172014650453
"Greece",2015,-0.234246955650464,0.240765033637841
"Greece",2016,-0.339438887879976,0.252725884536665
"Greece",2017,-0.345578496123857,0.309312838449285
"Greece",2018,-0.327868363520537,0.266718498892412
"Greece",2019,-0.355833585578314,0.197675982914607
"Greece",2020,-0.498096274946614,0.437029680827272
"Greece",2021,-0.323390404851079,0.30876582842875
"Greece",2022,-0.35443294843514,0.29707567025295
"Greece",2023,-0.255555555555556,0.409722222222222
"Greece",2024,-0.598882805889297,0.427063365951041
"Hungary",2015,-0.362472971531629,0.4350683132081
"Hungary",2016,-0.50922360100794,0.321700819347375
"Hungary",2017,-0.87037037037037,0.185185185185185
"Hungary",2022,0.015883478436004,0.323894793697875
"Hungary",2023,0.00840336134453801,0.226890756302521
"Hungary",2024,-0.272727272727273,0.181818181818182
"Ireland",2015,-0.139106281920618,0.315451199992498
"Ireland",2016,-0.262912749645591,0.351276950832904
"Ireland",2017,-0.0642742771863091,0.372659605923546
"Ireland",2018,-0.271609134565651,0.397099828693449
"Ireland",2019,-0.319732136652868,0.502871121087584
"Ireland",2020,-0.365550988536949,0.54296633579763
"Ireland",2021,-0.0860949395432153,0.341479371921182
"Ireland",2022,-0.230166356767499,0.361892568439385
"Ireland",2023,-0.458941502133797,0.552930951124187
"Ireland",2024,-0.576069558677833,0.65415280712849
"Italy",2012,-0.323529411764706,0
"Italy",2014,-0.342105263157895,0.0526315789473684
"Italy",2015,-0.156367391844474,0.168093115329454
"Italy",2016,-0.21458969839988,0.287530937699383
"Italy",2017,-0.169632310381852,0.271043281294096
"Italy",2018,-0.199367957238307,0.33100003460283
"Italy",2019,-0.235705751834784,0.40194572452637
"Italy",2020,-0.248730737479362,0.327500687947166
"Italy",2021,-0.25350506056081,0.268748962999834
"Italy",2022,-0.0566748239985877,0.229191860749884
"Italy",2023,-0.248414786308083,0.374911581806247
"Italy",2024,-0.426610949612403,0.619427193446089
"Latvia",2022,-0.11484593837535,0.179017061370003
"Latvia",2023,0.194444444444444,0.277777777777778
"Luxembourg",2022,0.340909090909091,0.0795454545454545
"Netherlands",2012,-0.333333333333333,0.166666666666667
"Netherlands",2013,0.25,0.166666666666667
"Netherlands",2015,-0.189038286273408,0.285376562598681
"Netherlands",2016,-0.350133863732363,0.416259070460361
"Netherlands",2017,-0.452862075731608,0.483202031249327
"Netherlands",2018,-0.361916430627496,0.389088664391521
"Netherlands",2019,-0.313534690850756,0.439061843220789
"Netherlands",2020,-0.254858934971838,0.418122887864823
"Netherlands",2021,-0.312129780227503,0.416566864200878
"Netherlands",2022,-0.168518294088798,0.29523904592499
"Netherlands",2023,-0.362258178425568,0.526421450531134
"Netherlands",2024,-0.530084814756585,0.537462374563243
"Norway",2015,-0.215579581708614,0.315729431858464
"Norway",2016,-0.360595753452896,0.480751391465677
"Norway",2017,0.015300059417706,0.368983957219251
"Norway",2018,-0.137152777777778,0.524305555555556
"Norway",2020,-0.275862068965517,0.482758620689655
"Norway",2021,-0.325,0.3
"Norway",2022,-0.250215542494604,0.278522933178006
"Norway",2023,-0.243650793650794,0.388447971781305
"Norway",2024,-0.338176638176638,0.313146113146113
"Poland",2015,-0.370871146643619,0.390867185249208
"Poland",2016,-0.42172377268122,0.454027816155476
"Poland",2017,-0.439026729585601,0.465813862992376
"Poland",2018,-0.416666666666667,0.5
"Poland",2019,-0.5,0.71875
"Poland",2020,-0.291315906070004,0.559149313247674
"Poland",2021,-0.661971830985915,0.563380281690141
"Poland",2022,-0.149161351623087,0.238783334823752
"Poland",2023,-0.235287225861656,0.459830703151653
"Poland",2024,-0.288379644497459,0.396722663159558
"Portugal",2015,-0.576923076923077,0.423076923076923
"Portugal",2016,-0.399974677966213,0.306444293169957
"Portugal",2017,-0.27027027027027,0.648648648648649
"Portugal",2018,-0.2,0.266666666666667
"Portugal",2020,-0.258064516129032,0.290322580645161
"Portugal",2022,-0.201477664635559,0.238993170572118
"Portugal",2023,-0.133333333333333,0.222222222222222
"Portugal",2024,0.0625,0.09375
"Romania",2016,-0.198942561884162,0.0807498197548666
"Romania",2022,0.0825275964205181,0.246360866900794
"Romania",2023,-0.107988165680473,0.330112795857988
"Romania",2024,-0.0136986301369864,0.287671232876712
"Russia",2015,-0.381818181818182,0.397727272727273
"Russia",2016,-0.484848484848485,0.606060606060606
"Russia",2022,-0.435171091944303,0.519392299453182
"Russia",2023,-0.630728314238952,0.564238952536825
"Russia",2024,-0.549314580737048,0.565426384190849
"Serbia",2015,-0.0983621474067333,0.111191992720655
"Serbia",2016,-0.0434782608695652,0.115942028985507
"Serbia",2020,-0.193548387096774,0.451612903225806
"Serbia",2022,-0.122393498429746,0.197994230415778
"Serbia",2023,-0.231127450980392,0.21593137254902
"Serbia",2024,-0.15974025974026,0.367532467532467
"Slovakia",2015,-0.192048012003001,0.145911477869467
"Slovakia",2016,-0.421052631578947,0.105263157894737
"Slovakia",2022,0.372881355932203,0.0677966101694915
"Slovakia",2023,0.25,0.15
"Spain",2015,-0.229036458080819,0.226141541882295
"Spain",2016,-0.205258921817071,0.330951347194028
"Spain",2017,-0.0356753812636166,0.311965985224499
"Spain",2018,-0.0865506306533728,0.284324057104342
"Spain",2019,-0.057828342485118,0.172270648658143
"Spain",2020,-0.162953072464296,0.378196433076069
"Spain",2021,-0.187200658509622,0.318478252307707
"Spain",2022,-0.0951678674543417,0.304937595304258
"Spain",2023,-0.352706640898401,0.36792610076222
"Spain",2024,-0.393470544163841,0.580809837148982
"Sweden",2012,-0.290322580645161,0
"Sweden",2015,-0.294360891720158,0.374652468781762
"Sweden",2016,-0.307249103942652,0.413899085403535
"Sweden",2017,-0.39634317862166,0.518002812939522
"Sweden",2018,-0.360824742268041,0.597938144329897
"Sweden",2019,-0.361702127659574,0.617021276595745
"Sweden",2020,-0.53024554473742,0.396111245856577
"Sweden",2022,-0.110819877977773,0.29891638186375
"Sweden",2023,-0.260343457904434,0.398161294502758
"Sweden",2024,-0.338654718078664,0.449466018837254
"Switzerland",2014,-0.171428571428571,0.514285714285714
"Switzerland",2015,-0.124846316688663,0.271379470069825
"Switzerland",2016,-0.151260997252851,0.284230911895124
"Switzerland",2017,-0.135543522182097,0.366327124908363
"Switzerland",2018,-0.0218334192148234,0.188199459964166
"Switzerland",2019,-0.0349614826759571,0.302118467870345
"Switzerland",2020,-0.0480935398572039,0.293885673668062
"Switzerland",2021,0.00770159961035,0.276521686444419
"Switzerland",2022,0.104807142834467,0.165808535522276
"Switzerland",2023,-0.173741540261967,0.30661273223505
"Switzerland",2024,-0.330606348084047,0.564536522233665
"Turkey",2015,-0.168537747625769,0.185302166255357
"Turkey",2016,-0.398863734929309,0.30919187066728
"Turkey",2017,-0.30949517040277,0.273751594678331
"Turkey",2018,-0.19882795416776,0.19507128487711
"Turkey",2019,-0.222764222214116,0.207405172211641
"Turkey",2020,-0.394584166864124,0.460088645595008
"Turkey",2021,-0.318519360031763,0.378395256071044
"Turkey",2022,-0.234949500763118,0.293125278815827
"Turkey",2023,-0.501532982297238,0.457697366577317
"Turkey",2024,-0.434549714977983,0.608416976368393
"Ukraine",2015,-0.314285714285714,0.171428571428571
"Ukraine",2016,-0.230298913043478,0.400815217391304
"Ukraine",2022,-0.0560375443015129,0.305498502197638
"Ukraine",2023,-0.111691848955745,0.274378996910028
"Ukraine",2024,-0.490019299696719,0.453515301902399
"United Kingdom",2010,-0.15,0.178571428571428
"United Kingdom",2011,-0.24252738423193,0.220568673750492
"United Kingdom",2012,-0.185021264456496,0.208113656126798
"United Kingdom",2013,-0.154917576130548,0.199156675699613
"United Kingdom",2014,-0.122095954892604,0.23687231990862
"United Kingdom",2015,-0.242766976502842,0.346526718294583
"United Kingdom",2016,-0.281620482775342,0.378026786965452
"United Kingdom",2017,-0.148495207029248,0.37221135688123
"United Kingdom",2018,-0.107603429926949,0.339492524525513
"United Kingdom",2019,-0.169575823291065,0.319539191940169
"United Kingdom",2020,-0.220426373591896,0.405265205170708
"United Kingdom",2021,-0.15581724549953,0.312049208618061
"United Kingdom",2022,-0.188913744851023,0.319934915341351
"United Kingdom",2023,-0.260007688953523,0.40878076254586
"United Kingdom",2024,-0.349404027453821,0.505618906180512
